8 accounts created, 13/10/2025, 15:47:15
studentnumber,first_name,last_name,email,password,role
24219288,Emily,Davis,student23@test.com,studentpass1,student
21882973,James,Wilson,student24@test.com,studentpass2,student
,Michael,Brown,teacher10@test.com,admin123,teacher
,Olivia,Martinez,teacher11@test.com,teacherpass2,teacher
,Sarah,Johnson,teacher12@test.com,teacherpass3,teacher
20250123,Emily,Stone,student20@test.com,Z1{JU&_B?:,student
20250147,Lucas,Nguyen,student21@test.com,"LP6nA.h_,i",student
20250189,Sophia,Martins,student22@test.com,R&t^weg.#X,student
